{
    "accuracy": 0.965641975402832,
    "classification_report": {
        "Caries": {
            "precision": 0.498220640569395,
            "recall": 0.5,
            "f1-score": 0.49910873440285203,
            "support": 280.0
        },
        "Gingivitis": {
            "precision": 0.4852941176470588,
            "recall": 0.4835164835164835,
            "f1-score": 0.48440366972477067,
            "support": 273.0
        },
        "accuracy": 0.4918625678119349,
        "macro avg": {
            "precision": 0.4917573791082269,
            "recall": 0.4917582417582418,
            "f1-score": 0.4917562020638113,
            "support": 553.0
        },
        "weighted avg": {
            "precision": 0.49183919254444414,
            "recall": 0.4918625678119349,
            "f1-score": 0.49184927209341944,
            "support": 553.0
        }
    },
    "confusion_matrix": [
        [
            140,
            140
        ],
        [
            141,
            132
        ]
    ]
}